id,timestamp,market,symbol,action,shares,price,value,risk_action,pnl,signal,regime,strategy,entry_time,exit_time,pnl_pct,size_usd,note,notes,client_order_id,correlation_id
6ae51fb0-77de-4868-9a09-f5e897b78ab3,2026-05-23T15:07:46.348538+00:00,crypto,TON/USDT,BUY,3.7247191,1.78,6.63,ALLOW,0.0,C3_ALT_REVERSION,RANGE_OR_BULL,C3_altcoin_reversion,2026-05-23T15:07:46.291093+00:00,,,6.63,C3 BUY z=-1.843,"{""z_score"": -1.8433, ""exit_reason"": """", ""confidence"": 0.7}",ba67194edbfec15a5414045ca95a32bd,7b7c41b1-9e06-4e03-a9b1-034786deac29
09b9c10c-f51d-4969-8d7d-518bfc1e41b1,2026-05-23T20:38:22.748805+00:00,crypto,BTC/USDT,BUY,0.00019274344995463954,76725.05,14.7883,ALLOW,0.0,STAT_ARB,PAIRS,C1_stat_arb,2026-05-23T20:38:22.748805+00:00,,,14.7883,stat_arb ENTRY LONG_A | z=-1.961 | alloc=14.79,"{""confidence"": 0.0}",f6e824c757c08646fa383b14818e7975,7103129e-9412-4bf2-8ec8-fdf660551162
c764da33-e369-47aa-bad1-14852331ecaf,2026-05-23T20:38:22.778513+00:00,crypto,ETH/USDT,SELL,0.006983693736572729,2117.54,14.7883,ALLOW,0.0,STAT_ARB,PAIRS,C1_stat_arb,,,0.0,14.7883,stat_arb ENTRY LONG_A | z=-1.961 | alloc=14.79,"{""confidence"": 0.0}",b64c1fe83fedad3d605d2b45166d6299,0d3568b3-f5a4-4263-b86c-7d8737bd3eb3
ed0bed2d-0166-4e4f-8650-fdb845e72b36,2026-05-23T20:53:21.481916+00:00,crypto,BTC/USDT,SELL,0.00019274344995463954,76784.35,14.7997,ALLOW,0.011429686582310685,STAT_ARB,PAIRS,C1_stat_arb,,,0.0772,14.7997,stat_arb EXIT HARD_STOP LONG_A | z=-2.932 | entry_z=-1.961,"{""confidence"": 0.0}",2c511d9f64e5ab90c5f65bf63bd3c452,84a7efca-a043-4311-8836-5c851536426f
911b0030-f199-440f-8cd2-175c22ae4dc7,2026-05-23T20:53:21.511561+00:00,crypto,ETH/USDT,BUY,0.006983693736572729,2133.01,14.8963,ALLOW,-0.1080377421047819,STAT_ARB,PAIRS,C1_stat_arb,2026-05-23T20:53:21.511561+00:00,,,14.8963,stat_arb EXIT HARD_STOP LONG_A | z=-2.932 | entry_z=-1.961,"{""confidence"": 0.0}",879f211b46f342e4b647dcf76d3d0744,6e05c13d-987d-40ec-9420-eac5a390848f
5f497ee4-8986-453c-aa86-6a7c0a390240,2026-05-23T21:08:21.517850+00:00,crypto,BTC/USDT,BUY,0.00019165888245942852,77118.9,14.7805,ALLOW,0.0,STAT_ARB,PAIRS,C1_stat_arb,2026-05-23T21:08:21.517850+00:00,,,14.7805,stat_arb ENTRY LONG_A | z=-2.173 | alloc=14.78,"{""confidence"": 0.0}",0633e69f214872f8846de0c94e0c0b73,fce036f2-e501-4bd4-b050-a0b84be23c9c
2d74c7a1-5261-4701-b990-e4ccc1ebbcb5,2026-05-23T21:08:21.543371+00:00,crypto,ETH/USDT,SELL,0.006924550454437046,2134.51,14.7805,ALLOW,0.0,STAT_ARB,PAIRS,C1_stat_arb,,,0.0,14.7805,stat_arb ENTRY LONG_A | z=-2.173 | alloc=14.78,"{""confidence"": 0.0}",7acea5a86fea39b53ea7521f02550be4,b186e783-6b92-4990-9090-6a03cba90169
bab9e6b2-751e-4452-85c6-d42b180890a6,2026-05-24T10:43:57.431579+00:00,crypto,BTC/USDT,SELL,0.00019165888245942852,77207.72,14.7975,ALLOW,0.017023141940047778,STAT_ARB,PAIRS,C1_stat_arb,,,0.115,14.7975,stat_arb EXIT CONVERGE LONG_A | z=-0.200 | entry_z=-2.173,"{""confidence"": 0.0}",0f9a8757bd405edba9157c9f8dd6a557,994fb7d9-91c1-440a-9e45-b21ee1aa8c94
fb01c97d-9321-43de-a6d3-87a3ed8ac618,2026-05-24T10:43:57.491620+00:00,crypto,ETH/USDT,BUY,0.006924550454437046,2120.87,14.6861,ALLOW,0.09445086819852358,STAT_ARB,PAIRS,C1_stat_arb,2026-05-24T10:43:57.491620+00:00,,,14.6861,stat_arb EXIT CONVERGE LONG_A | z=-0.200 | entry_z=-2.173,"{""confidence"": 0.0}",152c70f0cb8bc65261be4282f0fd9766,9dacfb35-f660-4a43-b47f-a7b61b0f62b4
fe9d0c27-135c-419c-9809-6e64bc4832a8,2026-05-24T10:44:05.063437+00:00,crypto,MEGA/USDT,BUY,140.99504364,0.07867,11.0921,ALLOW,0.0,C6_BOLLINGER_RANGE,RANGE_BOUND,C6_bollinger_range,2026-05-24T10:44:05.058308+00:00,,,11.0921,C6 BUY %B=0.106 RSI=28.7,"{""pct_b"": 0.106, ""rsi"": 28.74, ""exit_reason"": """", ""confidence"": 0.65}",9e15f65727ba00fec4dd7da70aa75408,ee2a93c7-0ca0-4e33-bc44-e61baa001819
1c950af9-7fbd-4751-a541-53d7f91266f3,2026-05-24T10:44:05.233542+00:00,crypto,EDEN/USDT,BUY,116.36780445,0.0896,10.4266,ALLOW,0.0,C6_BOLLINGER_RANGE,RANGE_BOUND,C6_bollinger_range,2026-05-24T10:44:05.232183+00:00,,,10.4266,C6 BUY %B=0.126 RSI=28.2,"{""pct_b"": 0.1261, ""rsi"": 28.18, ""exit_reason"": """", ""confidence"": 0.65}",ab46db2f5006088954a04ae035a780cd,042f96f0-beae-4b6e-8a5f-462e57379af9
5f107317-59a0-4c78-bedd-132e39a2be58,2026-05-24T10:59:02.432237+00:00,crypto,MEGA/USDT,BUY,98.06171895,0.07842,7.69,ALLOW,0.0,C3_ALT_REVERSION,RANGE_OR_BULL,C3_altcoin_reversion,2026-05-24T10:59:02.425048+00:00,,,7.69,C3 BUY z=-1.612,"{""z_score"": -1.612, ""exit_reason"": """", ""confidence"": 0.7}",d33d6fb82b95b4300cc0cc67b1f2d21c,379f13ca-fd49-41b9-a206-40802cb0d4dd
0cf72b90-cb14-4c7a-a994-7e62e06b854e,2026-05-24T11:14:01.713709+00:00,crypto,MEGA/USDT,SELL,140.99504364,0.07783,10.9736,ALLOW,-0.1184358366610694,C6_BOLLINGER_RANGE,RANGE_BOUND,C6_bollinger_range,2026-05-24T10:44:05.058308+00:00,2026-05-24T11:14:01.711364+00:00,-1.0678,11.0921,C6 SELL %B=-0.096 RSI=28.5,"{""pct_b"": -0.0957, ""rsi"": 28.53, ""exit_reason"": ""hard_stop(-1.07%)"", ""confidence"": 0.65}",44a62d720b149027ed5b940dc5b33ea5,8767fe65-542e-4098-adc6-e05263d55ee1
cb4cc637-086b-4f43-82e4-ea72367dd516,2026-05-24T11:29:01.332085+00:00,crypto,SAHARA/USDT,BUY,150.0150015,0.03333,5.0,ALLOW,0.0,C3_ALT_REVERSION,RANGE_OR_BULL,C3_altcoin_reversion,2026-05-24T11:29:01.327461+00:00,,,5.0,C3 BUY z=-1.649,"{""z_score"": -1.6488, ""exit_reason"": """", ""confidence"": 0.7}",9a780500eeef29f4f08994e50b441f99,54284c02-5362-440b-bfc5-fab4b3c4c0da
b2cb678d-3fb9-4cc8-a772-e02b09ae19ac,2026-05-24T11:29:02.033504+00:00,crypto,EDEN/USDT,SELL,116.36780445,0.092,10.7058,ALLOW,0.279282730673427,C6_BOLLINGER_RANGE,RANGE_BOUND,C6_bollinger_range,2026-05-24T10:44:05.232183+00:00,2026-05-24T11:29:02.001663+00:00,2.6786,10.4266,C6 SELL %B=0.279 RSI=37.2,"{""pct_b"": 0.2789, ""rsi"": 37.25, ""exit_reason"": ""take_profit(2.68%)"", ""confidence"": 0.65}",2a05c5dc475299dc256192df278eec01,3bf5d0a0-e860-4b9e-a52c-75347a9594e7
96026baf-de0c-40b1-9461-da171017ef15,2026-05-24T12:40:54.198097+00:00,crypto,TIA/USDT,BUY,24.63156479,0.4198,10.3403,ALLOW,0.0,C6_BOLLINGER_RANGE,RANGE_BOUND,C6_bollinger_range,2026-05-24T12:40:54.196737+00:00,,,10.3403,C6 BUY %B=0.143 RSI=23.9,"{""pct_b"": 0.1434, ""rsi"": 23.87, ""exit_reason"": """", ""confidence"": 0.65}",367367adf6fb587ffee24418899b432f,78724135-91f5-4ef1-bdbe-73a81bc2687c
cb1f44db-ed3d-4d37-9954-fec7d238d2cd,2026-05-24T13:25:44.189857+00:00,crypto,TON/USDT,BUY,5.49768724,1.768,9.7199,ALLOW,0.0,C6_BOLLINGER_RANGE,RANGE_BOUND,C6_bollinger_range,2026-05-24T13:25:44.188073+00:00,,,9.7199,C6 BUY %B=0.122 RSI=28.6,"{""pct_b"": 0.1225, ""rsi"": 28.57, ""exit_reason"": """", ""confidence"": 0.65}",1b2a9fd8ff7813d66b52aeb18447b200,533fe992-0942-491a-9cb7-4eb9e2eed3c2
8942a487-99fe-46bf-837c-5dd1c26a9630,2026-05-24T13:55:42.943323+00:00,crypto,TIA/USDT,SELL,24.63156479,0.4153,10.2295,ALLOW,-0.11084204153658815,C6_BOLLINGER_RANGE,RANGE_BOUND,C6_bollinger_range,2026-05-24T12:40:54.196737+00:00,2026-05-24T13:55:42.941031+00:00,-1.0719,10.3403,C6 SELL %B=0.052 RSI=22.3,"{""pct_b"": 0.0516, ""rsi"": 22.25, ""exit_reason"": ""hard_stop(-1.07%)"", ""confidence"": 0.65}",b3949aa8a3fafcb793046e2057ec07e6,0bc0c571-d149-45b8-a4d7-36bc53ef51ec
24eabcf4-5080-4e8a-8b85-5348729890e8,2026-05-24T14:10:45.230324+00:00,crypto,EDEN/USDT,BUY,111.30691452,0.0876,9.7505,ALLOW,0.0,C6_BOLLINGER_RANGE,RANGE_BOUND,C6_bollinger_range,2026-05-24T14:10:45.227713+00:00,,,9.7505,C6 BUY %B=0.116 RSI=22.5,"{""pct_b"": 0.1155, ""rsi"": 22.51, ""exit_reason"": """", ""confidence"": 0.65}",19c34c95abb7c9387e7f15971b092462,31ce42dd-2099-4a3e-8148-249c88d163b6
0a05238c-7aee-4a0d-9f75-dedcdfc5e27f,2026-05-24T14:25:43.596399+00:00,crypto,TON/USDT,SELL,5.49768724,1.726,9.489,ALLOW,-0.2309028641507186,C6_BOLLINGER_RANGE,RANGE_BOUND,C6_bollinger_range,2026-05-24T13:25:44.188073+00:00,2026-05-24T14:25:43.593627+00:00,-2.3756,9.7199,C6 SELL %B=-0.142 RSI=22.1,"{""pct_b"": -0.1416, ""rsi"": 22.07, ""exit_reason"": ""hard_stop(-2.38%)"", ""confidence"": 0.65}",4e7e580a95f0067c56eb7353fc339ba3,51df97fa-7367-4d04-b265-a1313d0752e5
2739b2df-de22-41a1-92ef-b3cd9dcdc88b,2026-05-24T14:40:44.047812+00:00,crypto,UNI/USDT,BUY,2.87586324,3.385,9.7348,ALLOW,0.0,C6_BOLLINGER_RANGE,RANGE_BOUND,C6_bollinger_range,2026-05-24T14:40:44.045163+00:00,,,9.7348,C6 BUY %B=-0.038 RSI=24.6,"{""pct_b"": -0.0378, ""rsi"": 24.65, ""exit_reason"": """", ""confidence"": 0.65}",e2328dee6b78ec2277057209ac0d2974,a3ff226f-0a20-4d5d-9c45-63a2266072fb
a87d78cc-6ed2-4192-a741-46cbc2f639dc,2026-05-24T15:10:43.354323+00:00,crypto,TON/USDT,SELL,3.7247191,1.731,6.4475,ALLOW,-0.18251123595505592,C3_ALT_REVERSION,RANGE_OR_BULL,C3_altcoin_reversion,2026-05-23T15:07:46.291093+00:00,2026-05-24T15:10:43.352720+00:00,-2.7528,6.63,C3 SELL z=-1.618,"{""z_score"": -1.6185, ""exit_reason"": ""time_stop_24h"", ""confidence"": 0.7}",124f8ebbe1f0e07cbe2c9789ae769e35,ad13d498-10ee-4b8a-9424-88744dfdea23
8a4be4ac-cf22-4dcc-ab0b-4cecf62d2112,2026-05-24T15:25:46.058017+00:00,crypto,LTC/USDT,BUY,0.28387585,52.84,15.0,ALLOW,0.0,C3_ALT_REVERSION,RANGE_OR_BULL,C3_altcoin_reversion,2026-05-24T15:25:46.055904+00:00,,,15.0,C3 BUY z=-2.287,"{""z_score"": -2.2871, ""exit_reason"": """", ""confidence"": 0.7}",22e0bd5dc553a349fa6a7751a53126c9,90871c0f-068e-46bb-a57a-b68f67ba4e7a
ed21df89-877f-462e-94d0-ebc94b889f22,2026-05-24T15:25:46.192931+00:00,crypto,ADA/USDT,BUY,58.07248764,0.2428,14.1,ALLOW,0.0,C3_ALT_REVERSION,RANGE_OR_BULL,C3_altcoin_reversion,2026-05-24T15:25:46.191379+00:00,,,14.1,C3 BUY z=-1.624,"{""z_score"": -1.6239, ""exit_reason"": """", ""confidence"": 0.7}",455454b55a370fdfdcd23fabf469a2fa,76b4617c-ac58-43af-87ba-b5c7e5aa8454
b13acd73-deef-44e9-b327-93e3ea05a525,2026-05-24T15:25:46.892172+00:00,crypto,EDEN/USDT,SELL,111.30691452,0.0892,9.9286,ALLOW,0.17809106323350476,C6_BOLLINGER_RANGE,RANGE_BOUND,C6_bollinger_range,2026-05-24T14:10:45.227713+00:00,2026-05-24T15:25:46.890768+00:00,1.8265,9.7505,C6 SELL %B=0.232 RSI=31.4,"{""pct_b"": 0.2322, ""rsi"": 31.37, ""exit_reason"": ""take_profit(1.83%)"", ""confidence"": 0.65}",ec8b9ea059caff97b9a9c255ce7b99e0,a2711432-0961-4eb4-903d-57e5fe5b8ba5
19634fa0-dabb-4beb-bae3-9162d37eb0e7,2026-05-24T15:40:44.683897+00:00,crypto,ICP/USDT,BUY,3.28140578,2.556,8.3873,ALLOW,0.0,C6_BOLLINGER_RANGE,RANGE_BOUND,C6_bollinger_range,2026-05-24T15:40:44.682441+00:00,,,8.3873,C6 BUY %B=-0.068 RSI=29.2,"{""pct_b"": -0.0677, ""rsi"": 29.2, ""exit_reason"": """", ""confidence"": 0.65}",838f3f69cf7b58668d9cf94922c9757c,53c15199-1855-4f5b-a7f6-90f4476a1b9b
c9a22e1a-d8d3-4720-9014-e3c8faa4f526,2026-05-24T16:10:42.811421+00:00,crypto,SAHARA/USDT,SELL,150.0150015,0.03415,5.123,ALLOW,0.12301230123012322,C3_ALT_REVERSION,RANGE_OR_BULL,C3_altcoin_reversion,2026-05-24T11:29:01.327461+00:00,2026-05-24T16:10:42.808636+00:00,2.4602,5.0,C3 SELL z=-0.066,"{""z_score"": -0.0663, ""exit_reason"": ""z_trailing"", ""confidence"": 0.7}",9006b8e76e4091a455ea5aca22f7040d,5923c2c5-fd13-4406-a475-518a2ca68f29
6a3fbe27-0d70-4f23-82ba-df578b35a9c5,2026-05-24T16:25:46.739679+00:00,crypto,LTC/USDT,SELL,0.28387585,52.79,14.9858,ALLOW,-0.014193792581378954,C3_ALT_REVERSION,RANGE_OR_BULL,C3_altcoin_reversion,2026-05-24T15:25:46.055904+00:00,2026-05-24T16:25:46.738425+00:00,-0.0946,15.0,C3 SELL z=-2.613,"{""z_score"": -2.613, ""exit_reason"": ""z_hard_stop"", ""confidence"": 0.7}",7412d1247e0fa3ecf278aa3887dacde5,3d55bdd2-6a94-49f2-9782-7aedc1879743
34b85505-232a-414f-b4f7-36a69f904614,2026-05-24T18:55:43.680600+00:00,crypto,XRP/USDT,BUY,11.12017199,1.3489,15.0,ALLOW,0.0,C3_ALT_REVERSION,RANGE_OR_BULL,C3_altcoin_reversion,2026-05-24T18:55:43.679082+00:00,,,15.0,C3 BUY z=-1.667,"{""z_score"": -1.6669, ""exit_reason"": """", ""confidence"": 0.7}",0da21b05fe65aaafd5c1ad5a0ea2f537,e79fd9a1-279f-490c-b266-a333f9432b20
133ca575-90d6-45cd-930a-b46cf76bc69f,2026-05-24T19:40:43.883263+00:00,crypto,HBAR/USDT,BUY,169.06027366,0.08843,14.95,ALLOW,0.0,C3_ALT_REVERSION,RANGE_OR_BULL,C3_altcoin_reversion,2026-05-24T19:40:43.881157+00:00,,,14.95,C3 BUY z=-1.631,"{""z_score"": -1.6307, ""exit_reason"": """", ""confidence"": 0.7}",683af30ccca92a680e5fe9ca2f1d02ff,940649e0-6a2f-41d7-bac8-f958a3c84b8c
93b39ed4-7d05-42fb-a651-b80f6b07c47b,2026-05-24T21:25:43.077742+00:00,crypto,SUI/USDT,BUY,8.36991513,1.0251,8.58,ALLOW,0.0,C3_ALT_REVERSION,RANGE_OR_BULL,C3_altcoin_reversion,2026-05-24T21:25:43.073012+00:00,,,8.58,C3 BUY z=-1.673,"{""z_score"": -1.6728, ""exit_reason"": """", ""confidence"": 0.7}",01434791601d9fd1abd5f4c327e02e10,7cabe856-5b9e-4258-af9c-997675aa9258
f60fa2e4-3f36-4a67-bf94-2e9b1e5f5b7b,2026-05-24T21:40:43.176131+00:00,crypto,ICP/USDT,SELL,3.28140578,2.514,8.2495,ALLOW,-0.1378190426800788,C6_BOLLINGER_RANGE,RANGE_BOUND,C6_bollinger_range,2026-05-24T15:40:44.682441+00:00,2026-05-24T21:40:43.174530+00:00,-1.6432,8.3873,C6 SELL %B=-0.188 RSI=20.1,"{""pct_b"": -0.1877, ""rsi"": 20.14, ""exit_reason"": ""hard_stop(-1.64%)"", ""confidence"": 0.65}",cae32687106a9d6370e792ec53ba4cb6,c4ec59da-4e49-424f-8391-ebf84cca54b0
36ab2f85-9e26-40c1-bc03-06d5532dfe51,2026-05-24T21:40:43.300496+00:00,crypto,UNI/USDT,SELL,2.87586324,3.339,9.6025,ALLOW,-0.1322897089402681,C6_BOLLINGER_RANGE,RANGE_BOUND,C6_bollinger_range,2026-05-24T14:40:44.045163+00:00,2026-05-24T21:40:43.299359+00:00,-1.3589,9.7348,C6 SELL %B=-0.062 RSI=11.3,"{""pct_b"": -0.062, ""rsi"": 11.26, ""exit_reason"": ""hard_stop(-1.36%)"", ""confidence"": 0.65}",f30e51c278c0a7a0b3f2a96904816340,71ded3e9-c40b-4a45-9d3d-5dfa6cf3bae5
bbdb8560-bf3b-4bea-916f-ab20922dd75e,2026-05-24T21:55:44.816426+00:00,crypto,ENA/USDT,BUY,81.17769987,0.0967,7.8499,ALLOW,0.0,C6_BOLLINGER_RANGE,RANGE_BOUND,C6_bollinger_range,2026-05-24T21:55:44.814752+00:00,,,7.8499,C6 BUY %B=-0.210 RSI=15.6,"{""pct_b"": -0.2098, ""rsi"": 15.62, ""exit_reason"": """", ""confidence"": 0.65}",761a5c9df471126c7986f4a622c2a2ec,d21e5840-773e-4b3a-b87f-99f60222ef58
36b6b463-bd97-456d-94cb-10c16b7bb93e,2026-05-24T21:55:44.947848+00:00,crypto,CHZ/USDT,BUY,207.15582715,0.03562,7.3789,ALLOW,0.0,C6_BOLLINGER_RANGE,RANGE_BOUND,C6_bollinger_range,2026-05-24T21:55:44.946136+00:00,,,7.3789,C6 BUY %B=-0.240 RSI=21.4,"{""pct_b"": -0.2399, ""rsi"": 21.45, ""exit_reason"": """", ""confidence"": 0.65}",3243fcdd7df039e64d296d26b400c03e,cf66377d-c658-4768-9260-6890f889bafa
bbdb851a-4aa9-4232-aa2a-c9332763cef4,2026-05-24T22:10:44.594264+00:00,crypto,ENA/USDT,SELL,81.17769987,0.0982,7.9717,ALLOW,0.12176654981139942,C6_BOLLINGER_RANGE,RANGE_BOUND,C6_bollinger_range,2026-05-24T21:55:44.814752+00:00,2026-05-24T22:10:44.592924+00:00,1.5512,7.8499,C6 SELL %B=0.173 RSI=33.3,"{""pct_b"": 0.1734, ""rsi"": 33.33, ""exit_reason"": ""take_profit(1.55%)"", ""confidence"": 0.65}",e4e5b8172949ea0e9cc7d90d95f6e80c,818c4308-e939-4cc7-90cd-47535b62b383
910d8da2-59a9-4038-95b2-4738f81ebe66,2026-05-24T22:25:44.302406+00:00,crypto,SUI/USDT,BUY,7.20689749,1.0288,7.4145,ALLOW,0.0,C6_BOLLINGER_RANGE,RANGE_BOUND,C6_bollinger_range,2026-05-24T22:25:44.300600+00:00,,,7.4145,C6 BUY %B=0.149 RSI=29.6,"{""pct_b"": 0.1492, ""rsi"": 29.59, ""exit_reason"": """", ""confidence"": 0.65}",1e2bef6172fc97d4aa061f12e8c298a8,b78ae140-182f-461f-aeb2-48fb03e4b2e5
65514067-93a6-46e1-b720-2cc5c2e3143c,2026-05-24T22:25:44.427336+00:00,crypto,CHZ/USDT,SELL,207.15582715,0.03617,7.4928,ALLOW,0.11393570493385995,C6_BOLLINGER_RANGE,RANGE_BOUND,C6_bollinger_range,2026-05-24T21:55:44.946136+00:00,2026-05-24T22:25:44.426241+00:00,1.5441,7.3789,C6 SELL %B=0.063 RSI=33.1,"{""pct_b"": 0.0631, ""rsi"": 33.08, ""exit_reason"": ""take_profit(1.54%)"", ""confidence"": 0.65}",b404f8a69d1c0388c601123d469e9098,aea44478-490f-455d-8a46-a2bcea0cbad4
69c3eb15-0837-45d4-b7a6-8bb9b1e4507b,2026-05-24T22:40:44.263201+00:00,crypto,CHZ/USDT,BUY,205.63077453,0.03608,7.4192,ALLOW,0.0,C6_BOLLINGER_RANGE,RANGE_BOUND,C6_bollinger_range,2026-05-24T22:40:44.259433+00:00,,,7.4192,C6 BUY %B=0.032 RSI=31.5,"{""pct_b"": 0.0317, ""rsi"": 31.54, ""exit_reason"": """", ""confidence"": 0.65}",50e0edb95b40620fde3c7cf9691b5d3a,8f43b20c-278d-47b6-808b-ea4a10a3896e
715f68d3-33cc-428a-b1e3-43ea8b741fb2,2026-05-24T23:10:44.711687+00:00,crypto,DOT/USDT,BUY,8.71175523,1.242,10.82,ALLOW,0.0,C3_ALT_REVERSION,RANGE_OR_BULL,C3_altcoin_reversion,2026-05-24T23:10:44.709970+00:00,,,10.82,C3 BUY z=-1.766,"{""z_score"": -1.766, ""exit_reason"": """", ""confidence"": 0.7}",3762e054d83ad4ec07bd44ad4507b71d,141a1ba4-b50f-4c3d-8ebc-2a15dd0472da
d331c988-db1c-48f6-a19f-322d2469ebc8,2026-05-25T00:25:43.350170+00:00,crypto,CHZ/USDT,SELL,205.63077453,0.03665,7.5364,ALLOW,0.11720954147991151,C6_BOLLINGER_RANGE,RANGE_BOUND,C6_bollinger_range,2026-05-24T22:40:44.259433+00:00,2026-05-25T00:25:43.348739+00:00,1.5798,7.4192,C6 SELL %B=0.327 RSI=41.2,"{""pct_b"": 0.3272, ""rsi"": 41.18, ""exit_reason"": ""take_profit(1.58%)"", ""confidence"": 0.65}",e01a652e2b2c0823ddcecd281f5e094c,b6869753-f0b9-48ee-8994-47df1907ef72
5a6f8083-3818-421d-9074-e6e73dbf283a,2026-05-25T01:40:43.421446+00:00,crypto,AVAX/USDT,BUY,1.57041871,9.195,14.44,ALLOW,0.0,C3_ALT_REVERSION,RANGE_OR_BULL,C3_altcoin_reversion,2026-05-25T01:40:43.419424+00:00,,,14.44,C3 BUY z=-1.652,"{""z_score"": -1.6522, ""exit_reason"": """", ""confidence"": 0.7}",fbb535dc00837b309e6ceeb87851e738,ce2a3657-34c0-499a-8d30-a70636ea8aca
036ec4c5-068b-4fbb-9768-830e1dc0acb1,2026-05-25T02:25:42.422102+00:00,crypto,XRP/USDT,SELL,11.12017199,1.3481,14.9911,ALLOW,-0.008896137593593801,C3_ALT_REVERSION,RANGE_OR_BULL,C3_altcoin_reversion,2026-05-24T18:55:43.679082+00:00,2026-05-25T02:25:42.420399+00:00,-0.0593,15.0,C3 SELL z=-2.663,"{""z_score"": -2.663, ""exit_reason"": ""z_hard_stop"", ""confidence"": 0.7}",00b3c06b5940bb3444f4a066c7ee83ca,b4a1fed7-86ec-4a6e-97a8-0df0ee69f481
bb7da6a4-66eb-4446-ab68-928207f05e87,2026-05-25T02:40:45.206567+00:00,crypto,BNB/USDT,BUY,0.02281681,657.41,15.0,ALLOW,0.0,C3_ALT_REVERSION,RANGE_OR_BULL,C3_altcoin_reversion,2026-05-25T02:40:45.204955+00:00,,,15.0,C3 BUY z=-1.634,"{""z_score"": -1.6336, ""exit_reason"": """", ""confidence"": 0.7}",6e0233d5d1ac4d25a9c20698544dc2cf,a9c946bc-fdde-4f0c-b66a-c3a123f626a1
2d2cc5af-1d40-461d-af6b-2180869c7d07,2026-05-25T03:10:42.981459+00:00,crypto,ALT/USDT,BUY,666.66666667,0.0075,5.0,ALLOW,0.0,C3_ALT_REVERSION,RANGE_OR_BULL,C3_altcoin_reversion,2026-05-25T03:10:42.979915+00:00,,,5.0,C3 BUY z=-1.701,"{""z_score"": -1.7009, ""exit_reason"": """", ""confidence"": 0.7}",4f99c838036bfb2bb0863ec739546447,493c2b19-9077-4c80-826d-be8041065d43
ae0b227d-8b9d-4b8f-ba83-0af28525b686,2026-05-25T05:40:57.315128+00:00,crypto,SUI/USDT,SELL,7.20689749,1.0418,7.5081,ALLOW,0.09368966736150897,C6_BOLLINGER_RANGE,RANGE_BOUND,C6_bollinger_range,2026-05-24T22:25:44.300600+00:00,2026-05-25T05:40:57.313184+00:00,1.2636,7.4145,C6 SELL %B=0.558 RSI=49.0,"{""pct_b"": 0.5583, ""rsi"": 48.98, ""exit_reason"": ""pct_b_target(0.558>=0.5)"", ""confidence"": 0.65}",a1103dbb801ceb1fdc792caafd31b2ba,a2fc1124-d8ad-4214-a4d7-c635294edbb7
d350fe1a-5133-4668-b92a-a2dc3676a850,2026-05-25T08:25:44.647913+00:00,crypto,HBAR/USDT,SELL,169.06027366,0.08928,15.0937,ALLOW,0.1437012326133671,C3_ALT_REVERSION,RANGE_OR_BULL,C3_altcoin_reversion,2026-05-24T19:40:43.881157+00:00,2026-05-25T08:25:44.645966+00:00,0.9612,14.95,C3 SELL z=-0.602,"{""z_score"": -0.6024, ""exit_reason"": ""z_trailing"", ""confidence"": 0.7}",be51f70b60828bf1040dfd20f44fa97b,a039b1f7-dd24-4730-b604-8197bec66005
f0440c86-0a61-4452-b9c2-8cd4c0abe1df,2026-05-25T09:25:45.629744+00:00,crypto,BNB/USDT,SELL,0.02281681,661.63,15.0963,ALLOW,0.0962869442205023,C3_ALT_REVERSION,RANGE_OR_BULL,C3_altcoin_reversion,2026-05-25T02:40:45.204955+00:00,2026-05-25T09:25:45.628089+00:00,0.6419,15.0,C3 SELL z=-0.949,"{""z_score"": -0.9487, ""exit_reason"": ""z_trailing"", ""confidence"": 0.7}",c13fe195d131641c16e704d5195c7ac0,cab9c889-7d54-4d5e-b0ab-2a026b25d159
b8e91289-47ec-4fc8-a647-e95f99847461,2026-05-25T10:25:44.395001+00:00,crypto,U/USDT,BUY,7.86565267,1.0008,7.8719,ALLOW,0.0,C6_BOLLINGER_RANGE,RANGE_BOUND,C6_bollinger_range,2026-05-25T10:25:44.392963+00:00,,,7.8719,C6 BUY %B=0.093 RSI=30.0,"{""pct_b"": 0.0931, ""rsi"": 30.0, ""exit_reason"": """", ""confidence"": 0.65}",d22cde0f85fc56e1bfa16c4a2da33dfd,1b93c041-ecd5-47de-9297-ae0af37f860a
699f135b-6c5b-4d4e-a2d4-0cf2721834e8,2026-05-25T10:55:45.169249+00:00,crypto,AVAX/USDT,SELL,1.57041871,9.416,14.7871,ALLOW,0.34706253398586195,C3_ALT_REVERSION,RANGE_OR_BULL,C3_altcoin_reversion,2026-05-25T01:40:43.419424+00:00,2026-05-25T10:55:45.167032+00:00,2.4035,14.44,C3 SELL z=0.520,"{""z_score"": 0.5203, ""exit_reason"": ""z_overshoot"", ""confidence"": 0.7}",31ae93ddf9a56d2779303f989d8a70cf,03478c54-8e69-4b0d-9f9e-d99c18cc146b
d11f3657-0449-4b75-adf2-0f49748c375b,2026-05-25T10:55:45.823881+00:00,crypto,GENIUS/USDT,BUY,12.14546714,0.6823,8.2869,ALLOW,0.0,C6_BOLLINGER_RANGE,RANGE_BOUND,C6_bollinger_range,2026-05-25T10:55:45.822771+00:00,,,8.2869,C6 BUY %B=0.017 RSI=31.2,"{""pct_b"": 0.0168, ""rsi"": 31.18, ""exit_reason"": """", ""confidence"": 0.65}",5143e9f14d6b008b691867ec5a3a6b1a,b98cb605-1126-4ef6-9799-9309c05561cd
06226745-64ed-421f-8791-0abf5c15aa76,2026-05-25T11:10:44.096798+00:00,crypto,MEGA/USDT,SELL,98.06171895,0.07597,7.4497,ALLOW,-0.2402512114256575,C3_ALT_REVERSION,RANGE_OR_BULL,C3_altcoin_reversion,2026-05-24T10:59:02.425048+00:00,2026-05-25T11:10:44.095324+00:00,-3.1242,7.69,C3 SELL z=-1.968,"{""z_score"": -1.9677, ""exit_reason"": ""time_stop_24h"", ""confidence"": 0.7}",247746d81fd33ccce9f9becef20c044d,1bd94cc3-ded0-431c-b91e-2e0f6f4572db
aafff3c0-1ae5-4be7-aaef-c3ae761c51aa,2026-05-25T11:10:44.689958+00:00,crypto,GENIUS/USDT,SELL,12.14546714,0.6748,8.1958,ALLOW,-0.0910910035406314,C6_BOLLINGER_RANGE,RANGE_BOUND,C6_bollinger_range,2026-05-25T10:55:45.822771+00:00,2026-05-25T11:10:44.688706+00:00,-1.0992,8.2869,C6 SELL %B=-0.005 RSI=35.0,"{""pct_b"": -0.0046, ""rsi"": 35.02, ""exit_reason"": ""hard_stop(-1.10%)"", ""confidence"": 0.65}",5942439bdafcc11bfe1ac81903778ba6,7eee07f1-139d-4075-8f1c-852efc2496d4
037e7048-a510-4733-a126-9d698ebb3e22,2026-05-25T11:56:49.926960+00:00,crypto,GENIUS/USDT,BUY,13.26500258,0.658,8.7284,ALLOW,0.0,C6_BOLLINGER_RANGE,RANGE_BOUND,C6_bollinger_range,2026-05-25T11:56:49.925161+00:00,,,8.7284,C6 BUY %B=-0.174 RSI=29.8,"{""pct_b"": -0.1736, ""rsi"": 29.76, ""exit_reason"": """", ""confidence"": 0.65}",ac77a65f5708e6ea828d0c36de0897ea,78234e01-020d-4a58-bc2a-f9703b488afe
f1b85a61-c304-4522-9afc-12802694871e,2026-05-25T12:11:49.835767+00:00,crypto,EDEN/USDT,BUY,59.66587112,0.0838,5.0,ALLOW,0.0,C3_ALT_REVERSION,RANGE_OR_BULL,C3_altcoin_reversion,2026-05-25T12:11:49.834109+00:00,,,5.0,C3 BUY z=-1.608,"{""z_score"": -1.6083, ""exit_reason"": """", ""confidence"": 0.7}",390e88bcf23170489dc110e95e864db0,ebfb268b-6341-49e2-bc36-e287a47b001b
bb2581a9-29e9-4d00-9237-7236e2baacbf,2026-05-25T13:41:50.788482+00:00,crypto,GENIUS/USDT,SELL,13.26500258,0.6513,8.6395,ALLOW,-0.08887551726799464,C6_BOLLINGER_RANGE,RANGE_BOUND,C6_bollinger_range,2026-05-25T11:56:49.925161+00:00,2026-05-25T13:41:50.785134+00:00,-1.0182,8.7284,C6 SELL %B=-0.023 RSI=13.7,"{""pct_b"": -0.0228, ""rsi"": 13.72, ""exit_reason"": ""hard_stop(-1.02%)"", ""confidence"": 0.65}",cf19311adf3a21324709caf28f4ea4c7,15f7327c-2dd9-4033-9efb-177e0f09e074
347592ab-4c05-4fa9-b9e5-f344a1687934,2026-05-25T13:41:50.922663+00:00,crypto,USD1/USDT,BUY,8.4241343,0.99987,8.423,ALLOW,0.0,C6_BOLLINGER_RANGE,RANGE_BOUND,C6_bollinger_range,2026-05-25T13:41:50.921453+00:00,,,8.423,C6 BUY %B=-0.130 RSI=31.4,"{""pct_b"": -0.1298, ""rsi"": 31.37, ""exit_reason"": """", ""confidence"": 0.65}",7a809cd1071a1fe836fab7a27d1230ab,895c16d3-3c69-4e0d-98c2-206bbd6c1058
b45095e8-13ee-4a65-98bd-84bd496b8675,2026-05-25T15:26:54.434393+00:00,crypto,UNI/USDT,BUY,3.21046373,3.364,10.8,ALLOW,0.0,C3_ALT_REVERSION,RANGE_OR_BULL,C3_altcoin_reversion,2026-05-25T15:26:54.432178+00:00,,,10.8,C3 BUY z=-1.741,"{""z_score"": -1.7406, ""exit_reason"": """", ""confidence"": 0.7}",bc8491a340ea7d2a7dd90b1ebb5d7d6d,317e1165-2c3d-4b4b-ab92-cd962ae76dfe
8ff3a876-4914-4905-94c2-a71180933d81,2026-05-25T15:26:54.857156+00:00,crypto,ADA/USDT,SELL,58.07248764,0.2461,14.2916,ALLOW,0.19163920922570163,C3_ALT_REVERSION,RANGE_OR_BULL,C3_altcoin_reversion,2026-05-24T15:25:46.191379+00:00,2026-05-25T15:26:54.855982+00:00,1.3591,14.1,C3 SELL z=-0.508,"{""z_score"": -0.5079, ""exit_reason"": ""time_stop_24h"", ""confidence"": 0.7}",cf4966b74bb5303d56a8f3f3b27096fe,0f4e39bb-b341-4cec-9f9f-b5d8d4a49c8b
1d5dae33-f108-4879-abab-a30684a0162f,2026-05-25T15:26:55.499870+00:00,crypto,SUI/USDT,SELL,8.36991513,1.0509,8.7959,ALLOW,0.2159438103599653,C3_ALT_REVERSION,RANGE_OR_BULL,C3_altcoin_reversion,2026-05-24T21:25:43.073012+00:00,2026-05-25T15:26:55.493925+00:00,2.5168,8.58,C3 SELL z=-0.451,"{""z_score"": -0.451, ""exit_reason"": ""z_trailing"", ""confidence"": 0.7}",60238e4130c070d5fdc79b8468c94e4c,34f0848d-50e6-47c9-b3ea-4476adf7fa92
7f393d92-b43b-4390-bdc4-2892948a6772,2026-05-25T15:42:05.237765+00:00,crypto,CHIP/USDT,BUY,142.82668941,0.04691,6.7,ALLOW,0.0,C3_ALT_REVERSION,RANGE_OR_BULL,C3_altcoin_reversion,2026-05-25T15:42:05.234560+00:00,,,6.7,C3 BUY z=-2.979,"{""z_score"": -2.9791, ""exit_reason"": """", ""confidence"": 0.7}",70fc9fc5499521b2fc6f9415dbdaf821,42296415-2acc-40ea-9ac9-2cb63aa06bad
5bfdc05b-9320-4ea8-8d46-6a9b250f99e5,2026-05-25T15:56:50.400921+00:00,crypto,CHIP/USDT,SELL,142.82668941,0.04717,6.7371,ALLOW,0.037134939245362944,C3_ALT_REVERSION,RANGE_OR_BULL,C3_altcoin_reversion,2026-05-25T15:42:05.234560+00:00,2026-05-25T15:56:50.399423+00:00,0.5543,6.7,C3 SELL z=-2.691,"{""z_score"": -2.6907, ""exit_reason"": ""z_hard_stop"", ""confidence"": 0.7}",58506976ffab3475c25539868dcdce11,d1ec8947-0fce-4dc2-ac3c-7a3686e4f9ed
fe9de65a-16cd-4802-89a0-ed971d175818,2026-05-25T17:41:49.721900+00:00,crypto,DOT/USDT,SELL,8.71175523,1.289,11.2295,ALLOW,0.4094524959742345,C3_ALT_REVERSION,RANGE_OR_BULL,C3_altcoin_reversion,2026-05-24T23:10:44.709970+00:00,2026-05-25T17:41:49.720273+00:00,3.7842,10.82,C3 SELL z=0.580,"{""z_score"": 0.5801, ""exit_reason"": ""z_overshoot"", ""confidence"": 0.7}",27a7eb785a54685f7243925de4f7bcf0,1ab62f7d-343c-40b7-83f2-4c5536b9af44
be502766-358f-4f74-979e-ea08357c742e,2026-05-25T18:26:50.998974+00:00,crypto,GENIUS/USDT,BUY,8.14464897,0.6139,5.0,ALLOW,0.0,C3_ALT_REVERSION,RANGE_OR_BULL,C3_altcoin_reversion,2026-05-25T18:26:50.997167+00:00,,,5.0,C3 BUY z=-1.843,"{""z_score"": -1.8434, ""exit_reason"": """", ""confidence"": 0.7}",45902881490132f594d1592760cd42e0,581f286a-591a-49db-9664-2912f0d81988
7d3f983c-ab4a-485a-9a04-3b0e7bf2fd15,2026-05-25T19:11:52.106111+00:00,crypto,币安人生/USDT,BUY,15.96309112,0.4335,6.92,ALLOW,0.0,C3_ALT_REVERSION,RANGE_OR_BULL,C3_altcoin_reversion,2026-05-25T19:11:52.104423+00:00,,,6.92,C3 BUY z=-1.616,"{""z_score"": -1.6155, ""exit_reason"": """", ""confidence"": 0.7}",dba941b7036062681e7bb3630fef1a3e,868a75ac-934b-4cc3-bcd8-fe50080c470c
9b26c780-6e1d-4cfc-b3a5-cdc5b7a7ace9,2026-05-25T22:11:52.198575+00:00,crypto,U/USDT,SELL,7.86565267,1.0008,7.8719,ALLOW,0.0,C6_BOLLINGER_RANGE,RANGE_BOUND,C6_bollinger_range,2026-05-25T10:25:44.392963+00:00,2026-05-25T22:11:52.196520+00:00,0.0,7.8719,C6 SELL %B=0.509 RSI=42.9,"{""pct_b"": 0.5095, ""rsi"": 42.86, ""exit_reason"": ""pct_b_target(0.509>=0.5)"", ""confidence"": 0.65}",b6da92d47d48d349f4e401d467a2dfd2,e6796e20-4a0f-430e-a1ae-8cb90756579b
6edce541-7ded-49b3-9a6c-81dbf0b96647,2026-05-25T22:41:53.327244+00:00,crypto,SOL/USDT,BUY,0.17667845,84.9,15.0,ALLOW,0.0,C3_ALT_REVERSION,RANGE_OR_BULL,C3_altcoin_reversion,2026-05-25T22:41:53.325475+00:00,,,15.0,C3 BUY z=-1.910,"{""z_score"": -1.9099, ""exit_reason"": """", ""confidence"": 0.7}",504d64fa2f4901beb3d2573ae2d4bd2a,677b5670-9ddc-421e-acb6-80b3df54009d
dc0e56d6-a401-4c72-86a7-da61a82fb2e8,2026-05-25T22:41:53.446181+00:00,crypto,HBAR/USDT,BUY,170.12589316,0.08817,15.0,ALLOW,0.0,C3_ALT_REVERSION,RANGE_OR_BULL,C3_altcoin_reversion,2026-05-25T22:41:53.443951+00:00,,,15.0,C3 BUY z=-1.677,"{""z_score"": -1.6772, ""exit_reason"": """", ""confidence"": 0.7}",5a05acb8a2a448d3cf65e0579d4fd39d,d44f3bcc-23a1-45b1-9ea5-1f688c3698a9
0bf0388d-5d58-48bc-8be1-97f227aa8650,2026-05-25T23:56:50.622104+00:00,crypto,OPG/USDT,BUY,23.89966872,0.2113,5.05,ALLOW,0.0,C3_ALT_REVERSION,RANGE_OR_BULL,C3_altcoin_reversion,2026-05-25T23:56:50.620555+00:00,,,5.05,C3 BUY z=-1.895,"{""z_score"": -1.895, ""exit_reason"": """", ""confidence"": 0.7}",783e793efc0a15d13f269facb9401ebc,cf69eaff-4ee5-4141-bc93-9c9c4da90eca
4c355f1e-2b2e-4fd5-bcd1-299016178a4f,2026-05-26T00:26:51.995412+00:00,crypto,XRP/USDT,BUY,5.1836911,1.3475,6.985,ALLOW,0.0,C6_BOLLINGER_RANGE,RANGE_BOUND,C6_bollinger_range,2026-05-26T00:26:51.993680+00:00,,,6.985,C6 BUY %B=-0.102 RSI=29.6,"{""pct_b"": -0.1017, ""rsi"": 29.6, ""exit_reason"": """", ""confidence"": 0.65}",d9ef0e798ba0909a5dc8344fa32ebf2d,2a70040f-9e3c-4235-b11e-325b6b1d3c2e
1b6fa3cc-464c-4e76-bc0b-92f2222d6487,2026-05-26T01:26:51.736264+00:00,crypto,OPG/USDT,SELL,23.89966872,0.2004,4.7895,ALLOW,-0.26050638902035006,C3_ALT_REVERSION,RANGE_OR_BULL,C3_altcoin_reversion,2026-05-25T23:56:50.620555+00:00,2026-05-26T01:26:51.734750+00:00,-5.1585,5.05,C3 SELL z=-2.996,"{""z_score"": -2.996, ""exit_reason"": ""z_hard_stop"", ""confidence"": 0.7}",56f12c4053f7e3a1334f4a938e15fe46,46ef25d3-fdbb-479e-89f0-6b01f0eb099f
05b61e0c-b1a4-4f0a-8477-5fa5f3385b25,2026-05-26T01:41:51.029252+00:00,crypto,USD1/USDT,SELL,8.4241343,0.9997,8.4216,ALLOW,-0.001432102831390159,C6_BOLLINGER_RANGE,RANGE_BOUND,C6_bollinger_range,2026-05-25T13:41:50.921453+00:00,2026-05-26T01:41:51.027627+00:00,-0.017,8.423,C6 SELL %B=0.304 RSI=33.7,"{""pct_b"": 0.3045, ""rsi"": 33.73, ""exit_reason"": ""time_stop(12.0h)"", ""confidence"": 0.65}",62ab08c3d3673c11c92ff8cc016f840f,5408d14f-0773-4d83-a747-401fa809ebd5
65fe1c85-755c-4eae-bf97-2558c2ef9b3c,2026-05-26T01:56:50.395641+00:00,crypto,ONDO/USDT,BUY,13.77041189,0.4103,5.65,ALLOW,0.0,C3_ALT_REVERSION,RANGE_OR_BULL,C3_altcoin_reversion,2026-05-26T01:56:50.392772+00:00,,,5.65,C3 BUY z=-2.777,"{""z_score"": -2.7774, ""exit_reason"": """", ""confidence"": 0.7}",e4e898ea884b40522a6843384b9bdcf4,16d4b3f2-bb5f-42b7-bcf5-4bf75b5e278c
7c429dbb-60d1-4775-9972-dfc09de2b2aa,2026-05-26T02:11:52.814872+00:00,crypto,AVAX/USDT,BUY,0.76241863,9.207,7.0196,ALLOW,0.0,C6_BOLLINGER_RANGE,RANGE_BOUND,C6_bollinger_range,2026-05-26T02:11:52.812375+00:00,,,7.0196,C6 BUY %B=-0.017 RSI=30.1,"{""pct_b"": -0.0165, ""rsi"": 30.13, ""exit_reason"": """", ""confidence"": 0.65}",d5ac7e5fab50857d40dc25607856ac62,61a1abfc-5d04-4b16-8dda-4e411068feac
82ca8cce-da6e-433e-8ea4-27b305cfb165,2026-05-26T03:11:53.267408+00:00,crypto,ALT/USDT,SELL,666.66666667,0.00706,4.7067,ALLOW,-0.29333333333333295,C3_ALT_REVERSION,RANGE_OR_BULL,C3_altcoin_reversion,2026-05-25T03:10:42.979915+00:00,2026-05-26T03:11:53.265520+00:00,-5.8667,5.0,C3 SELL z=-1.620,"{""z_score"": -1.62, ""exit_reason"": ""time_stop_24h"", ""confidence"": 0.7}",6683681eaf46cb19648530522111f732,715db582-52e6-42b2-926d-75ff52f381f7
8bc4a9a2-c1fb-43f5-8fcb-98bb10041165,2026-05-26T03:11:54.023490+00:00,crypto,AVAX/USDT,SELL,0.76241863,9.182,7.0005,ALLOW,-0.019060465864784125,C6_BOLLINGER_RANGE,RANGE_BOUND,C6_bollinger_range,2026-05-26T02:11:52.812375+00:00,2026-05-26T03:11:54.022185+00:00,-0.2715,7.0196,C6 SELL %B=-0.009 RSI=25.6,"{""pct_b"": -0.0091, ""rsi"": 25.65, ""exit_reason"": ""regime_flip(BULL_TREND)"", ""confidence"": 0.65}",711d818b074cd803f1c341b18299d2dc,0b90b1ec-3aaa-4a76-9f0a-7656e1fac9ca
ab6b501f-a1b0-4ccd-8a1c-305b4161c79e,2026-05-26T04:27:06.792176+00:00,crypto,ETH/USDT,BUY,0.00349055,2091.6,7.3008,ALLOW,0.0,C6_BOLLINGER_RANGE,RANGE_BOUND,C6_bollinger_range,2026-05-26T04:27:06.788717+00:00,,,7.3008,C6 BUY %B=0.112 RSI=28.9,"{""pct_b"": 0.1119, ""rsi"": 28.93, ""exit_reason"": """", ""confidence"": 0.65}",2196113dbe560fd2deb1911288b087cd,0737c327-d339-4678-afc7-7ea9184f258c
a16f8c78-7c7f-4b8e-a581-6d8175aa7f66,2026-05-26T04:56:51.995680+00:00,crypto,GENIUS/USDT,SELL,8.14464897,0.7068,5.7566,ALLOW,0.756637888906988,C3_ALT_REVERSION,RANGE_OR_BULL,C3_altcoin_reversion,2026-05-25T18:26:50.997167+00:00,2026-05-26T04:56:51.994192+00:00,15.1328,5.0,C3 SELL z=0.518,"{""z_score"": 0.5184, ""exit_reason"": ""z_overshoot"", ""confidence"": 0.7}",7437614de5c995232d95b4e96b7dd78c,084517d7-bd92-4aa1-917e-c184651c8bb3
90d2cc26-030f-4720-9221-2ab09b1c0e33,2026-05-26T05:41:52.459621+00:00,crypto,ETH/USDT,SELL,0.00349055,2101.78,7.3364,ALLOW,0.035533849426582886,C6_BOLLINGER_RANGE,RANGE_BOUND,C6_bollinger_range,2026-05-26T04:27:06.788717+00:00,2026-05-26T05:41:52.453057+00:00,0.4867,7.3008,C6 SELL %B=0.312 RSI=36.4,"{""pct_b"": 0.3119, ""rsi"": 36.39, ""exit_reason"": ""regime_flip(BULL_TREND)"", ""confidence"": 0.65}",0e239337bda35457bd47419b1fcf25ee,83e4fd44-57a4-47b2-a051-f4e48523b67f
7b9ee9b4-4178-4f05-9cb9-15df3a8d36ec,2026-05-26T07:11:52.915392+00:00,crypto,INJ/USDT,BUY,1.39187899,5.495,7.6484,ALLOW,0.0,C6_BOLLINGER_RANGE,RANGE_BOUND,C6_bollinger_range,2026-05-26T07:11:52.912823+00:00,,,7.6484,C6 BUY %B=-0.124 RSI=31.6,"{""pct_b"": -0.1243, ""rsi"": 31.61, ""exit_reason"": """", ""confidence"": 0.65}",9cb8f31af645f4a8d35d96fea020f2f0,6304b650-4a96-4789-ae07-55dc2180debc
